name,address
Hoek bouw Katwijk,"Lijnbaanstraat 6, 2222AR Katwijk"
Aannemersbedrijf J&K,"Drieërweg 100 438, 3852MB Ermelo"
Aannemersbedrijf Leguit & Roos BV,"'t Prooyen 1, 1141VD Monnickendam"
Bouwbedrijf Van den Boomen BV,"Loeswijk 25, 5731VK Mierlo"
Aannemersbedrijf Kleinbouw Techniek BV,"Handelsweg 4, 4675RC Sint Philipsland"
Aannemersbedrijf Stegink,"Basserweg 17, 8342TE Basse"
Aannemersbedrijf Wiggers BV,"Jan Verfailleweg 20, 1783BB Den Helder"
AANNEMER J. VAN DE GRAAF B.V.,"Einsteinstraat 16E, 3316GG DORDRECHT"
De Witte Bouw 2000,"William Boothstraat 16, 8861TL Harlingen"
Bouwbedrijf Rijpstra,"Tuinen 51, 8801VX Franeker"
Kamphorst Bouwservice,"Zeilmaker 7, 3861SM Nijkerk gld"
Aannemers & Timmerbedrijf Teus vd Berg BV,"van der Kunstraat 2, 4251LN Werkendam"
Bolton Bouw BV,"Zegveldse Uitweg 1, 3443JE Woerden"
Aannemersbedrijf Wilco van Oirschot,"Eg 4, 5281MB Boxtel"
Aannemersbedrijf J Runhaar,"Schoolstraat 67, 3864MB Nijkerkerveen"
Aannemersbedrijf Van Steenberge VOF,"Weststraat 38, 4553AK Philippine"
Aannemersbedrijf Zijlstra en Zn L,"Feanhout 1, 9269VL Feanwâlden"
Aannemersbedrijf Gebr Tromp,"Kromme Zandweg 35, 3319GG Dordrecht"
Keij BV Aannemersbedrijf,"Garststraat 5, 4021AB Maurik"
Timmer- en Aannemersbedrijf van der Schuit BV,"Leemansstraat 33, 4251LD Werkendam"
