name,phone
Autorecyclingbedrijf Gebr Prins BV,+31591302626
Auto- en Scheepssloperij Treffers BV,+31235325211
Waal Beusichem Autodemontagebedrijf,+31345502095
Autodemontagebedrijf Ploeg I vd,+31592656314
Zutphen Fa Van Autosloperij,+31413363445
Baum BV Trucks - Truckparts,+31765811836
Autosloopbedrijf H.C. Stouten,+31118591501
Autoparts BZJ,+31243774663
Sloperij en Autorecycling Bedrijf Van Kammen,+31519295114
Annaars Autorecycling en Onderdelenverkoop,+31182511744
Autodemontagebedrijf Vertrouwen BV Het,+31302410623
Gebr. Van Engelen Metaalrecycling,
Autodemontage A Team,+31104611422
Atlas-car BV,+31102181446
VAD Volvo Onderdelen,
Elferink Auto Demontage en Revisie bedrijf,+31547381539
Autobedrijf Eijsink,+31535742863
Relder Parts Japanse Auto Onderdelen,+31495663434
Autodemontagebedrijf Niks,+31546659216
Veen Autosloperij Van,+31118625689
Steenbergen Autodemontagebedrijf / Recycling,+31316581111
Autodemontagebedrijf Benelux,+31786100839
Autosloperij De Amstel/ M F Hijsteeg,+31206431444
Autodemontage Lust,+31299424342
Autosloperij De Nollen,+31725714267
Autodemontage Rutte,+31235377995
Huijbregts jr H H P,
Autosloperij en Metaalhandel G. van der Wijngaart,+31227542557
Autosloperij Rutte,+31235377995
Autosloperij en Metaalhandel vd Wijngaart,+31227542557
Autodemontagebedrijf Steenbergen / Recycling,+31316581111
Verweij's Autosloperij,+31348552990
Kammen J van,+31519295114
Prins BV Autorecyclingbedrijf Gebr,+31521511122
Boekholt Autodemontage B.V.,+31598452200
Autobedrijf Eysink VOF,+31535724205
Maresia Parts,+31416544404
G. Laanstra,+31235581192
Autodemontage Van Boxtel B.V.,+31183633855
Japoto Parts B.V.,+31596572992
4x4 Parts De Kempen,
Jacobs. Lexmond Auto- & Metaalrecycling,+31347341661
Autosloperij en Metaalhandel De Brug B.V.,+31786914942
Autohandel P. Caron en Zoon B.V.,+31162682187
J.G.A. van Lievenoogen BV,+31411683030
Meijer Autosloperij & Schroothandel,+31582133123
Autodemontagebedrijf Akkie Stomphorst,+31302202308
Okesion BV,+31416322232
Gebr. Van Dam,+31348561560
Heijnen Motors VOF,+31773516593
Autodemontage Kanaaldijk,+31243792412
Timp Autorecycling De,+31313619678
Reuvers BV,+31344617719
Autorecycling Kuijpers B.V.,+31493312764
Simmeren,+31505412112
Automaterialen Ronald Morien B.V.,+31582501444
Autosloperij 'De Nieuwe Haven' BV,+31356248034
Slootstra's Autosloperij,+31513461896
Autosloperij Smulders,+31134564800
Adnan Autosloperij,
Hijlkema Autodemontage,+31561688234
Autosloopbedrijf Familie Maris BV,+31503132524
Gouwe Autosloperij De,+31182619876
Autoh. en -Demontagebedrijf Pijffers BV,+31572351728
Van Rijn en Co. BV,+31356561236
International Motor B.V.,+31505251904
Nilles Otto Autosloperij,+31164241872
Autobedrijf De Heer BV,+31786181293
Auto- en Demontage De Witte Boerderij,+31318511139
Dam Autosloperij J vd,+31516451247
Argos Japanse Auto Onderdelen BV,+31402265637
H. Schneider Beheer BV,+31252213346
LUMA B.V.,+31320247149
ARN Auto Recycling Nederland B.V.,+31346728220
Kaaboun Autoservice & Demontage,+31582898758
AM Quads,+31227540052
Van Deijne onderdelen Uden B.V.,
Karadeniz Autosloperij,+31235351246
Netten Autodemontage,+31412625917
Van Kessel Autodemontage,+31464432173
Autodemontage Poelstra B.V.,+31517383372
Prescher Autohandel en Autosloperij,+31765418353
Zanetti Autosloperij VOF,+31493493337
Autosloperij Ayaz B.V.,
Occasion Center Roosendaal BV,+31165544850
Autoschadebedrijf Marmara,
Mercedes Demontage van Schoten,+31525632975
Kuijpers Metaalrecycling B.V.,+31493312764
Autodemontage Vrijhoeven B.V.,+31416662516
Autodemontage De Kneus,+31703839613
G. en W. Brink Metaal BV,+31591630275
Metaalhandel Franssen B.V.,+31434081329
Autosloperij W.G. Jansen BV,
Utrecht Autosloperij,+31302414428
Gebr. Opdam BV,+31715315101
Autodemontagebedrijf Aktas,+31104188391
Autorecycling Bart,+31206197647
Autobedrijf Fa. Hoogerwerf,
Fa. Van Heest,+31742661204
Autorecycling N. Kossen B.V.,+31224581215
Bentie's Autodemontage,+31206133979
Auto Recycling Langedijk,+31226313087
Autosloperij De Kleine Winst VOF,+31243551830
Boels Autodemontage B.V.,+31599332216
Ommen Autodemontagebedrijf J van,+31117383435
Birkt Autosloperij De,+31334631224
Auto Samsen B.V.,+31742912912
Mettler B.V.,+31735492956
Boortoren Autosloperij De,+31495663397
VOF Ritterbex & Zoon,+31434083562
Boonstra Autoparts,+31512301572
Karaman Autosloperij,+31235363765
Van der Feer Autorecycling B.V.,+31321260260
Gebr. Vanweert,+31332571705
Mestebeld Trucks B.V.,+31572371791
Verweij's Trucking BV,+31348553434
BZJ B.V.,+31243774663
Schutte Autodemontage,+31433646233
G.C.J. Bomers,+31168404103
Autosloperij Weteringbrug,+31713312622
W.M. Romein,+31104556106
Rio VOF Autosloperij,+31115694394
Rhenoy Holding,+31418657474
Autosloperij Kralingen B.V.,+31104213130
Eendracht Autosloperij De,+31793413819
Knapper Autosloperij J,+31503141914
Rhenoy Onderdelen BV,+31418657474
Autocommerce,+31235338895
HD Sloperij Feelders (Harley Davidson Specialist),+31302288383
Auto Verschrotings Industrie A.V.I. Den Bosch BV,+31736216944
H Poolen,+31206133979
Autosloperij Delft BV,+31152560014
Autoparaat,+31235337391
F.H. Scheffer,+31434081962
Van Gulik,
B.G. van de Bunte Holding BV,+31553231560
Autorecycling Spijkcity B.V.,+31181613988
Feelders Autodemontage,+31302292528
Kleine Staarman Autoplaatwerkhandel,+31541532372
Autosloperij Salam,+31235359159
Happy End Autosloperij,+31235365342
AutoHam,+31332537111
Autodemontagebedrijf E. Kooij,+31343491220
de Boer auto onderdelen,+31599613237
Dide Exportbedrijf BV,+31756122372
A.K. ter Linde,+31434081489
Jansen van Beek Autodemontagebedrijf,+31262000140
Altijd Raak Penders (De) Montage B.V.,+31104345506
Bladderswijk,+31591630551
Autobedrijf Tijvoort,+31135346719
Autodemontagebedrijf Binckhorst B.V.,+31703825164
Autodemontage Zelissen,+31464522361
Autodemontagebedrijf Verberk BV,+31413261993
Mugro Autosloperij,+31356011276
Bongers vd Laar BV,+31486452154
Automarkt Lotfi,+31235365723
Bliek Autosloperij vd,+31402051614
Car Toyota Onderdelen,+31332580858
Autorecycling Gebroeders Prins Steenwijk BV,+31521511122
W. Pater Autohandel en Taxatie,+31318769209
Autosloperij Pieper B.V.,+31341360300
Gebruikte Auto Onderdelen Service Flevoland,+31527616060
Auto Biermans B.V.,+31436088000
Auto- en Recyclingbedrijf De Zwette,+31582152240
HY-Cars,+31104295011
Rip's Autosloperij,+31180631695
Autosloperij AAB,
Maresia Auto Recycling BV,+31886273742
Geerts Auto-Sloopbedrijf L,+31235339553
Autosloperij Alex van Alles Wat,+31243776240
Autosloperij Barth,+31314326150
Wolters Sloperij H,+31591677125
Huba Autohandel & Sloperij Fa,+31224591560
Autosloperij F. Leeman BV,+31168330241
Van der Molen,
Schut Auto Onderdelen,+31356010668
Pril Autodemontagebedrijf F J,+31534611110
Autosloperij De Zaag B.V.,+31104201897
Autodemontagebedrijf Verhoef,+31345502095
Autosloperij Stegeman BV,+31573421372
Autodemontage Breda BV,+31161412867
Gooi Autosloperij 't,+31355772410
Damen Autosloperij P,+31135700146
Onne van de Stadt Recycling BV,+31756165272
Brand Autobedrijf Mercedes Benz BV vd,+31413750400
Opbroek Recycling BV,+31475595290
Fieten Autodemontage / CitroÃ«n,+31593523001
Timmermans Autosloperij,+31475501096
Autosloperij Hejo BV,+31172651163
Autodemontage Van Bebberen B.V.,+31183441735
Mullenberg VOF,+31164245986
AutoDemontage Hoogeveen,+31528234648
Vries L de,+31504041568
Vijfschaft M,+31318635432
Autohand. & Autodemontagebedr. Helmerich BV,+31756310548
Auto Recycling Spijkenisse BV,
Autosloperij De Sluis,+31204972508
Autodemontage van Spanje BV,+31344691354
Vos Autodemontage,+31246774921
Autosloperij Spoorzicht,+31252676038
Van der Iest Kootstertille B.V.,
Autodemontagebedrijf Snuverink B.V.,+31545272064
Kleine Staarman Holding B.V.,+31743841567
Wilkohaag Metaal BV,+31703603306
Autobedrijf de Haas BV,+31168452567
